<?xml version="1.0" encoding="UTF-8"?>
<channels>
    <channel name="snapshot">
        <application version="Snapshot-20060325_1439">
            <library>squirrel-sql.jar</library>
            <library>fw.jar</library>
            <library>forms.jar</library>
            <library>log4j.jar</library>
            <library>nanoxml-2.2.3.jar</library>
            <library>treetable.jar</library>
            <library>commons-cli.jar</library>
        </application>
        <plugin name="codecompletion" version="1.0"/>
        <plugin name="editextras" version="1.0"/>
        <plugin name="favs" version=""/>
        <plugin name="firebird" version="0.01"/>
        <plugin name="graph" version="1.0"/>
        <plugin name="i18n" version="1.0"/>
        <plugin name="laf" version="1.0"/>
        <plugin name="mssql" version="0.3"/>
        <plugin name="mysql" version="0.33"/>
        <plugin name="oracle" version="0.16"/>
        <plugin name="sessionscript" version="0.14"/>
        <plugin name="sqlbookmark" version="1.0"/>
        <plugin name="sqlscript" version="1.1"/>
        <plugin name="sqlval" version="1.13"/>
        <plugin name="syntax" version="1.0"/>
    </channel>
    <channel name="stable">
        <application version="2.1final">
            <library>squirrel-sql.jar</library>
            <library>fw.jar</library>
            <library>forms.jar</library>
            <library>log4j.jar</library>
            <library>nanoxml-2.2.3.jar</library>
            <library>treetable.jar</library>
            <library>commons-cli.jar</library>
        </application>
        <plugin name="codecompletion" version="1.0"/>
        <plugin name="editextras" version="1.0"/>
        <plugin name="favs" version=""/>
        <plugin name="firebird" version="0.01"/>
        <plugin name="graph" version="1.0"/>
        <plugin name="i18n" version="1.0"/>
        <plugin name="laf" version="1.0"/>
        <plugin name="mssql" version="0.3"/>
        <plugin name="mysql" version="0.33"/>
        <plugin name="oracle" version="0.16"/>
        <plugin name="sessionscript" version="0.14"/>
        <plugin name="sqlbookmark" version="1.0"/>
        <plugin name="sqlscript" version="1.1"/>
        <plugin name="sqlval" version="1.13"/>
        <plugin name="syntax" version="1.0"/>
    </channel>
    <channel name="develop">
        <application version="2.2rc1">
            <library>squirrel-sql.jar</library>
            <library>fw.jar</library>
            <library>forms.jar</library>
            <library>log4j.jar</library>
            <library>nanoxml-2.2.3.jar</library>
            <library>treetable.jar</library>
            <library>commons-cli.jar</library>
        </application>
        <plugin name="codecompletion" version="1.0"/>
        <plugin name="editextras" version="1.0"/>
        <plugin name="favs" version=""/>
        <plugin name="firebird" version="0.01"/>
        <plugin name="graph" version="1.0"/>
        <plugin name="i18n" version="1.0"/>
        <plugin name="laf" version="1.0"/>
        <plugin name="mssql" version="0.3"/>
        <plugin name="mysql" version="0.33"/>
        <plugin name="oracle" version="0.16"/>
        <plugin name="sessionscript" version="0.14"/>
        <plugin name="sqlbookmark" version="1.0"/>
        <plugin name="sqlscript" version="1.1"/>
        <plugin name="sqlval" version="1.13"/>
        <plugin name="syntax" version="1.0"/>
    </channel>
</channels>